0;Chapter 1, went northwest on the map with Chuck at the Outskirt~Set to false at the start of Chapter 2, then to true when getting into the mines 
1;Talked to Utter for the first time in the City plaza
2;False when new unchecked quests are available, set to true when talking to Utter about new quests or checking the board
3;Took the Inn Review Required quest
4;Slept at the Inn for the first time at Ant Kingdom City plaza after taking the Inn Review Required quest
5;Completed the Inn Review Required quest
6;Talked to Samira for the first time
7;Chapter 1, fixed the bridge in Snakemouth Den by hitting the switch
8;Examined the Underground Bar entrance for the first time at Ant Kingdom City commercial area
9;UNKNOWN
10;Chapter 1, received tattle tutorial~Set to false in Chapter 3 when the Overseer is following you at the Honey Factory, set to true afterwards
11;Chapter 1, got Vi’s Beemerang Toss
12;Set to true when giving the first of the 2 ingredients to a chef, set to false afterwards (confirming or talking after cancelling)
13;Chapter 1, pushed both pressure plates in Snakemouth Den in front of the door
14;Chapter 1, opened the door behind 2 pressure plates at Snakemouth Den
15;Chapter 1, started (after combat tutorial)
16;Chapter 1, Leif is now able to fight in battle (also got Freeze) 
17;Chapter 1, got Kabbu’s Horn Slash
18;Chapter 4, got Kabbu’s Beetle Dig
19;Chapter 6, got Vi’s Bee Fly
20;Chapter 3, hit the switch on the first room of the Honey Factory (also got Shield)
21;Chapter 2, got Vi’s Beemerang Halt
22;Chapter 1, after pan-in cutscene when arriving at the entrance of Snakemouth Den
23;Got the HP Plus medal in Snakemouth Den
24;Received the Turn Relay tutorial
25;Chapter 1, read an ancient tablet in Snakemouth Den (after Leif said they can decipher the text)
26;Chapter 1, talked for the first time to Gen and Eri after combat tutorial at the Explorers' Association
27;Chapter 1, met Leif (after the cutscene is done)
28;Chapter 1, opened the gate near the Explorers' Association
29;Chapter 1, hit the switch to raise the platform in Snakemouth Den
30;Chapter 1, Approached the first yellow crystal (or after save tutorial?)
31;Received medals tutorial
32;Received Hard Mode after talking to Artis
33;Chapter 1, hit the big switch on the left path of Snakemouth Den (for the door)
34;Chapter 1, hit the big switch on the right path of Snakemouth Den (for the door)
35;Chapter 1, unlocked the door in Snakemouth Den after hitting both big switches
36;Chapter 1, arrived at the map with the door in Snakemouth Den (water droplets explanation cutscene)
37;Used the B.O.S.S. system for the first time~Also set to false when doing EX mode, set back to true once done 
38;Chapter 4, beaten the Watcher at the Ancient Castle
39;Chapter 5, got Kabbu’s upgraded Horn Dash
40;UNKNOWN used in event 25?
41;End of Chapter 1
42;Got the Poison Resistance medal at Snakemouth Den
43;Talked to Samira for the second time (after she’s happy you are back)
44;Took the I Want a New Taste quest
45;Completed the I Want a New Taste quest
46;Talked to Chuck about his abode for the first time
47;Took the Theater Help Wanted! quest
48;Talked to Chubee at the Theater after taking the Theater Help Wanted! quest
49;Completed the Theater Help Wanted! quest
50;Took the Lost Toy quest
51;UNKNOWN used in event 32
52;Gave the Dotted Ball to Tod, completing the Lost Toy quest
53;Took the My Brother is Gone! quest
54;Talked to Leby after taking the My Brother is Gone! quest
55;Completed the My Brother is Gone! quest
56;A hard mode boss is available for turn-in to Artis for a prize medal (set to false once turned in)
57;Talked to the Fuzzo in the Theater for the first time (Bug Ranger Plushie cutscene)
58;Bought the Bug Ranger Plushie in the Theater
59;Got the Bug Me Not! medal on the roof of the gray house at Ant Kingdom City residential area
60;Got the Poison Defender medal in Snakemouth Den
61;Talked to Kina for the first time at the Explorers' Association
62;Talked to Chubee after the festival of Golden Settlement before taking the Theater Help Wanted! quest at the Ant Theater
63;Completed the game
64;Received quest board tutorial from Utter
65;Talked to Tatel at the Underground Bar
66;Got to the Ant Kingdom City bridge for the first time after the end of Chapter 1 (after the cutscene)
67;Start of Chapter 2 (after the cutscene in the throne room of the Ant Palace)
68;Chapter 2, after the Leif’s memory cutscene when getting out of the throne room of the Ant Palace
69;Talked to the closest miner of the entrance of the mine for the first time
70;Took the Lost Books quest
71;Got the Lore Book at the Ant Palace library
72;Talked to Gen & Eri after the end of Chapter 1 at the Explorers' Association
73;Chapter 2, rescued Neolith (after all cutscenes)
74;UNKNOWN
75;Opened the tunnel from Defiant Root to the mines
76;Opened the tunnel from Golden Settlement to the mines
77;Opened the tunnel from Forsaken Lands to the mines
78;Opened the tunnel from Metal Island to the mines
79;Opened the tunnel from Rubber Prison to the mines
80;Opened the tunnel from Far Grasslands to the mines
81;Talked to Diana for the first time at Golden Settlement
82;Got the Dotted Ball in the Golden Path tunnel
83;Opened the door to Golden Settlement that leads to Lost Sands
84;Chapter 2, after the cutscene when approaching Aria at the center of Golden Settlement before the festival
85;Chapter 2, waited for nightfall
86;Chapter 2, beaten Acolyte Aria
87;Got the Lore Book behind the Sunset Inn at Golden Settlement
88;End of Chapter 2 (after all the cutscenes)
89;UNKNOWN
90;Chapter 2, opened the windmill doors at Golden Settlement
91;Chapter 2, got the Hard Seed from the worker in front of the windmill at Golden Settlement after opening its door
92;Chapter 1, talked to Zasp for the first time after combat tutorial
93;Chapter 2, talked to Zasp about the eating competition at Golden Settlement
94;Chapter 2, talked to Chubee about the eating competition at Golden Settlement
95;Chapter 2, finished the eating competition (win or lose) during the festival
96;Chapter 2, got 15+ points at Whack-A-Worm during the festival at Golden Settlement to get the Sun Offering
97;Chapter 2, arrived at the center map of Golden Settlement after getting both Offerings (after the cutscene)
98;Chapter 2, got Kabbu’s Pep Talk
99;Chapter 2, lost the eating competition during the festival
100;Chapter 2, won the eating competition during the festival
101;Chapter 2, got the Moon Offering during the festival
102;Chapter 2, got the Weak Stomach medal from losing at the eating competition during the festival
103;Chapter 2, after the cutscene where the path to the Golden Hills has opened
104;Chapter 2, talked to The Mayor for the first time at Golden Settlement
105;Chapter 2, talked to Chubee after losing against her in the eating competition during the festival
106;Got the Mothiva Doll at Golden Settlement
107;Got to the Ant Kingdom City plaza for the first time after the end of Chapter 1 (after the cutscene)
108;Received the Crystal Berry tutorial
109;Chapter 2, placed the Wooden Crank on the right hole at the entrance of Golden Hills
110;Chapter 2, placed the Wooden Crank on the hole at the left path from the entrance of Golden Hills
111;Chapter 2, talked to Venus after arriving at the entrance of Golden Hills
112;Chapter 2, got the Wooden Crank on the left path from the entrance of Golden Hills
113;Chapter 2, got the Big Crank Top Half at the Golden Hills
114;Approached Eetl at the Explorers' Association after the end of Chapter 1
115;Chapter 2, after the hungry cutscene at the Ant Kingdom City plaza
116;Chapter 2, got the Wooden Crank on the right path from the entrance of Golden Hills
117;Chapter 2, got the Big Crank Bottom Half at Golden Hills
118;Chapter 2, beaten Zasp & Mothiva at Golden Hills
119;Chapter 2, cooked for the first time
120;Chapter 2, after the eating cutscene at Ant Kingdom City commercial area
121;Got the Back Support medal on the map with the Big Crank Bottom Half at Golden Hills
122;Chapter 2, beaten the 2 Venus Buds on the backside of the map with the Big Crank Bottom Half at Golden Hills
123;Talked to the Fortune Teller for the first time at Golden Settlement
124;Chapter 2, arrived at the top of Golden Hills (after the cutscene)
125;Chapter 2, gave the Sun Offering at the top of Golden Hills
126;Chapter 2, gave the Moon Offering at the top of Golden Hills
127;Chapter 2, pulled the lever at the top of Golden Hills
128;Chapter 2, placed the Wooden Crank at the top of Golden Hills
129;Chapter 2, got the Wooden Crank at the top of Golden Hills
130;Start of Chapter 3 (after all the cutscenes at the throne room of the Ant Palace)
131;Took the Requesting Assistance quest (set to false upon completion)
132;Talked to Team Slacker for the first time
133;Arrived at Golden Settlement after the end of Chapter 2 (after the cutscene)
134;Talked to Levi after taking the Requesting Assistance quest
135;Completed the Requesting Assistance quest
136;Talked to Rebecca for the first time at the Ant Palace
137;Got the HP Plus at the Bugaria Outskirts waterfall near the Cave of Trials
138;Chapter 3, lowered the bridge to the Lost Sands entrance at the Bugaria Outskirts
139;Talked to Tanjerin for the first time
140;Gained access to the Underground Bar at Ant Kingdom City commercial area
141;Talked to Shades for the first time at the Underground Bar
142;Got the Lore Book behind a wooden box at Defiant Root
143;Got the Crystal Fruit after beating the Seedling King
144;UNKNOWN
145;UNKNOWN
146;Took the Peacock Spider bounty quest
147;UNKNOWN
148;UNKNOWN
149;Got the Fortify medal at Defiant Root
150;Rented a Bed Bug at Defiant Root, set to false after using it
151;Talked to the Fuzzo at Defiant Root for the first time
152;Talked to the Sun for the first time at Defiant Root
153;Got the Heart Berry from Sun at Defiant Root
154;Got the Bond Berry from Sun at Defiant Root
155;Got the Super Pepper from Sun at Defiant Root
156;Got the Iron Seed from Sun at Defiant Root
157;Received the first free Bed Bug at Defiant Root
158;Talked to Doppel for the first time (or checked the bounty quest board) at the Underground Bar
159;Chapter 3, got scanned at the Bee Kingdom Hive entrance
160;Chapter 3, after getting welcomed at Bee Kingdom Hive (before getting to Dr. HB’s room)~Also allows the use of Bubble Shield Lite
161;Showed the Explorer Permit to Dr. HB at Bee Kingdom Hive which unlocks the B.O.S.S. system
162;Logged in to the B.O.S.S. system (set to false when logging off)~Also used when starting Cave of Trials (set to false when ending) 
163;Unlocked the EX mode from the B.O.S.S. system
164;Got the Spy Specs medal from the B.O.S.S. system
165;Got the Detector medal from the B.O.S.S. system
166;EX mode active on the B.O.S.S. system
167;Chapter 3, told Gen & Eri to go to the meeting point at Bee Kingdom Hive
168;Chapter 3, told Zasp to go to the meeting point at Bee Kingdom Hive
169;Chapter 3, met the Queen Bianca for the first time in her room at Bee Kingdom Hive (after all cutscenes)
170;Chapter 3, arrived at Defiant Root for the first time
171;Got Leif’s Icicle
172;Chapter 3, used the elevator at Defiant Root for the first time
173;Chapter 3, told Mothiva to go to the meeting point at Bee Kingdom Hive
174;Chapter 3, after the cutscene when exiting the throne room at the Ant Palace
175;Got in Professor Honeycomb’s room for the first time at Bee Kingdom Hive
176;Chapter 3, the shop in Honey Factory is unlocked
177;Chapter 3, arrived at Honey Factory for the first time
178;Chapter 3, got the Factory Pass in the Overseer’s office
179;Chapter 3, unlocked the factory door at the Honey Factory lobby
180;Talked to Ms. Amber for the first time
181;Set to true when the tutorial on Spy Cards starts (set to false when the tutorial is done)
182;Took the Cable Car Bodyguard quest
183;Completed the Cable Car Bodyguard quest
184;Took the Team Snakemouth… quest
185;Talked to Aria after taking the Team Snakemouth… quest
186;Took the My Specialty quest (set to false after completing it)
187;Took the I Wanna Get Better! quest (set to false after completing it)
188;Took the Lost Item quest
189;Completed the Lost Item quest
190;Took the Butler Missing! quest
191;Crisbee can cook the Crisbee Donut, marking the completion of I Wanna Get Better! quest)
192;Gave the Tangy Berry to Kut, marking the completion of the My Specialty quest
193;Gave the Crisbee Donut and the Tangy Carpaccio to Fry, marking the completion of the A Smiling Dish quest
194;Gave the correct ingredients to Crisbee after taking the I Wanna Get Better! quest, set to false after the cutscene~Also used similarly for Kut after taking the My Specialty quest~Also used similarly for Fry after taking the A Smiling Dish quest
195;Talked to Kut after taking the My Specialty quest
196;Talked to Fry after taking the A Smiling Dish quest (set to false after cooking the Queen’s Dinner)
197;Took the A Smiling Dish quest (set to false when completed)
198;Talked to Madeleine for the first time after taking the Butler Missing! quest
199;Found Seb after taking the Butler Missing! quest
200;Completed the Butler Missing! quest
201;Chapter 3, rescued the merchants at Lost Sands
202;hit the tree near the south exit at the platforming map of Lost Sands
203;hit the tree leading north to the northeast exit at the platforming map of Lost Sands
204;hit the tree near the east exit at the platforming map of Lost Sands
205;hit the tree near the northeast exit at the platforming map of Lost Sands
206;hit the tree leading north to the north exit at the platforming map of Lost Sands
207;hit the tree leading northeast near the west exit at the platforming map of Lost Sands
208;hit the tree leading south near the west exit at the platforming map of Lost Sands
209;hit the second tree leading west from the south exit at the platforming map of Lost Sands
210;UKNOWN
211;Chapter 3, rescued Malbee at the Honey Factory
212;Chapter 3, got the Factory Pass in the room on the upper north side of the Honey Factory
213;Chapter 3, got the Factory Pass in the room with Gen & Eri using the switch at the Honey Factory
214;Hit the lever in the room with Gen & Eri using a switch at the Honey Factory
215;Chapter 3, got the Factory Pass in the room on the upper west side at the Honey Factory
216;Chapter 3, beaten the Bee-Boops that were harassing Gen & Eri at the Honey Factory
217;Chapter 3, unlocked the door with the 3 Factory Pass at the Honey Factory
218;Chapter 3, rescued the Overseer (after the cutscene)
219;Talked to Dr. HB after the end of Chapter 3 at Bee Kingdom Hive
220;Chapter 3, got the Shock Trooper medal in the first storage room at the Honey Factory
221;Chapter 3, beaten Ahoneynation (after all the cutscenes)
222;Chapter 3, unlocked the door in the storage room at the Honey Factory
223;Examined the Overseer portrait at the Honey Factory for the first time
224;After the cutscene that occurs when exiting the Honey Factory after the end of Chapter 3
225;Talked to Queen Bianca after the end of Chapter 3 at Bee Kingdom Hive
226;Took the Power Plant Investigation quest
227;Talked to the bee that is selling her house at Bee Kingdom Hive residential area
228;Got the Flower Key from Beette at the Bee Kingdom Hive residential area
229;Unlocked the red house with the Flower Key at Ant Kingdom City plaza
230;Got the Charge Up medal on the roof of the inn at Ant Kingdom City Plaza
231;Got the Blank Card from Carmina at the Underground Bar
232;Got the Suit Card from Chuck at Bugaria Outskirts
233;Got the Suit Card from Shay at Defiant Root
234;Got the Suit Card from Crow at Bee Kingdom Hive
235;Got the Suit Card from Arie at Golden Settlement
236;Talked to Carmina for the first time at the Underground Bar
237;Talked to Carmina after gathering the required Spy Cards
238;Received the Mysterious Piece from Neolith after starting Chapter 4
239;Chapter 4, got the Rusty Key from Astotheles at Defiant Root
240;Took the Book Return! quest
241;Received the Overdue Book from Ali at the Ant Kingdom City residential area
242;Delivered the Overdue Book at the Ant Palace library
243;Completed the Book Return! quest
244;Talked to Shay at Defiant Root for the first time after getting the Blank Card
245;Got the Full Suit Card
246;Talked to Crow about the Card Masters for the first time before the end of Chapter 3
247;Talked to Crow about Spy Cards for the first time at Bee Kingdom Hive after getting the Blank Card
248;Talked to Chuck about Spy Cards for the first time at Bugaria Outskirts after getting the Blank Card
249;Talked to Arie about Spy Cards for the first time at Golden Settlement after getting the Blank Card
250;Chapter 4, received berries from The Mayor at Defiant Root
251;Bought the Bee Hat at Bee Kingdom hive
252;Bought the Pretty Ribbon at Bee Kingdom Hive
253;After getting introduced to the Bank of Bugaria at Ant Kingdom City residential area
254;After signing up for a bank account at the Ant Kingdom City residential area
255;Hit the switch at the top of Stream Mountain at Lost Sands
256;Took the I Want a Souvenir… quest
257;Completed the I Want a Souvenir… quest
258;Chapter 4, used the Rusty Key on the Bandit Hideout entrance at Lost Sands
259;Chapter 4, arrived at the map south of the prison for the first time at Bandit Hideout
260;Chapter 4, after the cutscene of the bandits talking with the wasps near the large item chest at Bandit Hideout
261;Hit the tree leading west at the map with the orange spike floor at Lost Sands
262;Got the Meditation medal at Lost Sands
263;Talked to the bee in front of the Far Grasslands border gate for the first time at Lost Sands~Set to false at the start of Chapter 5, then to true when talking to him again
264;Talked to the Burglar at the map with the waterfall and the save point for the first time at Lost Sands
265;Took the Stolen Item quest
266;Took the Rare Item Wanted! quest
267;Got the Bond Berry at Bandit Hideout
268;Got the Orange Horn at Bandit Hideout
269;Chapter 4, retrieved your inventory as well as the Beemerang at Bandit Hideout
270;Got the Stolen Silk at Bandit Hideout
271;Got the Lore Book near the large item chest at Bandit Hideout
272;Took the Huuuuuuuuuu…!!! quest
273;Talked to Tanjerin after taking the Huuuuuuuuuu…!!! quest
274;Gave the Orange Horn to Tanjerin after taking the Huuuuuuuuuu…!!! quest
275;Completed the Huuuuuuuuuu…!!! quest
276;Got introduced to the Whack-A-Worm minigame at the Whacka Farms for the first time
277;UNKNOWN
278;Talked to a healing Venus Bud for the first time
279;Talked to Team Slacker in front of the Ancient Castle’s receptacle
280;Chapter 4, placed the Sand Castle Key in its receptacle at Lost Sands
281;Got the Agaric Shroom at the map with the green spike floor at Lost Sands
282;Hit the tree leading east at the map with the green spike floor at Lost Sands
283;Chapter 4, hit the switch in the rolling rocks room for the shortcut at Ancient Castle
284;Chapter 4, opened the upper left door in the west room on the first floor of Ancient Castle
285;Got the Frostbite medal at Ancient Castle
286;Approached Leif’s family’s house after the start of Chapter 3 (after the cutscene)
287;Talked to Levi after taking the Requesting Assistance quest~Set to false when talking to them after completing the quest near the Underground Bar entrance
288;Chapter 4, got the Ancient Key behind the spike bars at Ancient Castle
289;Chapter 4, got the Ancient Key in the 4 pressure plates room at the Ancient Castle
290;Chapter 4, hit the switch on the first floor of the main room for the shortcut at Ancient Castle
291;Chapter 4, hit the switch on the second floor of the main room for the shortcut at Ancient Castle
292;Chapter 4, unlocked the door on the first floor of the main room of Ancient Castle
293;Chapter 4, unlocked the door on the second floor of the main room of Ancient Castle
294;Chapter 4, got the Big Ancient Key at Ancient Castle
295;Chapter 4, unlocked the door with the Big Ancient Key at Ancient Castle
296;Chapter 4, opened the door in the 4 pressure plates room at Ancient Castle
297;Chapter 4, destroyed the rocks on the west side of the rolling rocks room at Ancient Castle
298;Chapter 4, approached the Dune Scorpion at Lost Sands (when the cutscene starts)
299;End of Chapter 3 (after all the cutscenes)
300;Start of Chapter 4 (after all the cutscenes)
301;Chapter 4, got the Earth Key from Astotheles at Bandit Hideout (after all cutscenes)
302;Chapter 4, got the Heaven Key from Hawk at Lost Sands
303;Chapter 4, got the Sand Castle Key
304;Start of Chapter 5 (same as 348???)
305;Got the Heart Berry at the Whacka Farms by getting 25+ points at Whack-A-Worm
306;Examined the mural on the second floor of Ancient Castle for the first time
307;Took the Dropped My Hat! Quest
308;Completed the Dropped My Hat! quest
309;Found the Top Hat at Golden Settlement
310;Bought the Empower+ medal at the Termacade
311;Bought the Break+ medal at the Termacade
312;Bought the Enfeeble+ medal at the Termacade
313;Bought the Fortify+ medal at the Termacade
314;Bought the Charge Up+ medal at the Termacade
315;Showed the Full Suit Card at the Card Guard in front of the entrance to the Spy Cards tournament at Metal Island
316;The first water crystal switch encountered at Stream Mountain is activated
317;Hit the tree on the right of the map with the first water crystal switch at Stream Mountain
318;Hit the tree on the left of the map with the first water crystal switch at Stream Mountain
319;Got the Crimson Ore at the top of Stream Mountain at Lost Sands
320;Took the Ore Wanted quest
321;Completed the Ore Wanted quest
322;Chapter 5, talked to Maki near the Far Grasslands entrance at Lost Sands
323;Chapter 5, talked to Maki at the entrance of Far Grasslands
324;Took the Helpers Needed At Once! quest
325;Talked to Malbee after taking the Helpers Needed At Once! quest
326;Performed the reset on the Mender near the pump at the Honey Factory
327;Performed the reset on the Mender at the room before the pump at the Honey Factory
328;Performed the reset on the Mender near the crank in a glass enclosure at the Honey Factory
329;Performed the reset on all three Menders at the Honey Factory
330;Completed the Helpers Needed At Once! quest
331;Got the Lore Book at the Fishing Village
332;Destroyed the breakable rock at the entrance of the Power Plant / Far Grasslands passage at Far Grasslands
333;UNKNOWN
334;Chapter 5, beaten the Leafbug tribes at the north exit of the second map at Wild Swamplands
335;Chapter 5, used Kabbu’s horn on a rock that falls to open a path at Wild Swamplands
336;Chapter 5, got ambushed by the Leafbug tribes at the wooden bridge at Wild Swamplands
337;Hit a tree at the destroyed wooden bridge room at the Wild Swamplands
338;Got the Berserker medal at Chomper Caves
339;Beaten the Mother Chomper at Chomper Caves
340;Got the Chomper Seed at Chomper Caves
341;Hatched the Chomper Seed at Bee Kingdom Hive
342;Hit the donut shaped stone with Kabbu’s horn at Lost Sands
343;Got the Tardigrade Shield medal at Lost Sands
344;Got the A.D.B.P Enhancer medal from Professor Honeycomb at Bee Hive Kingdom (after all cutscenes)
345;End of Chapter 4 (after all the cutscenes)
346;Chapter 6, got the Flame Brooch from Queen Vanessa II at Rubber Prison (after all the cutscenes)
347;Start of Chapter 6 (after all the cutscenes)
348;Start of Chapter 5 (same as 304???)
349;UNUSED checked in event 155
350;Chapter 6, dropped off Queen Elizant II at the Bugaria Outskirts (after all the cutscenes)
351;Talked to the person in front of the Termacade for the first time
352;Got the A.D.B.P Enhancer medal from Professor Honeycomb at Bee Hive Kingdom (set when receiving it)
353;Talked to Crow after helping him at the Roach Village ruins at Bee Kingdom Hive
354;Hit a lever to create a shortcut at Wild Swamplands
355;Got the Eternal Venom medal at Wild Swamplands
356;Chapter 5, lowered the wooden cage by hitting a level at the Wild Swamplands
357;Chapter 5, arrived at Wild Swamplands for the first time
358;Chapter 5, talked to Maki for the first time after getting back to him after his injury at Wild Swamplands
359;Chapter 5, beaten The Beast at Wild Swamplands
360;Chapter 5, met with Maki after exiting Wild Swamplands at Far Grasslands (after the fade out)
361;Opened the east gate at the Power Plant / Far Grasslands passage
362;Opened the west gate at the Power Plant / Far Grasslands passage
363;Chapter 5, unlocked the first door at Wasp Kingdom Hive
364;Chapter 5, got the Wasp Key in the room with the fountain at Wasp Kingdom Hive (set to false if spotted without first exiting the room with it)
365;Chapter 5, unlocked the door in the food storage room at Wasp Kingdom Hive
366;Chapter 5, arrived at Jayde’s room for the first time at Wasp Kingdom Hive (when the cutscene starts)
367;Chapter 5, arrived at the first room for the first time at Wasp Kingdom Hive
368;Chapter 5, arrived at the food storage room for the first time at the Wasp Kingdom Hive
369;Got the dark cherries in the prison room at the Wasp Kingdom Hive
370;Chapter 5, approached the back of the throne room for the first time at Wasp Kingdom Hive (when the cutscene starts)
371;Chapter 5, met with Queen Vanessa II for the first time at Wasp Kingdom Hive (after all the cutscenes)
372;Chapter 5, returned to the Ant Kingdom after leaving Wasp Kingdom Hive
373;Received the Ant Compass from the miner at the Ant Mines
374;Chapter 6, left the throne room of the Ant Palace after the start of Chapter 6 (after all the cutscenes)
375;Took the Butler Missing Again! quest
376;Chapter 6, talked to Queen Elizant II at the Golden Path tunnel
377;It is now possible to buy Dark Cherries at the Underground Bar
378;Talked to Cherry Guy for the first time at the Underground Bar
379;Chapter 6, talked about the Subaquatic Maritime Neotransport to the royal couple at Termite Capitol
380;Got the Lore Book at the Golden Path by digging under a rock at the map located east from Golden Settlement
381;Got the Lore Book at the Colosseum entrance at Termite Capitol
382;Hit the red ruler with Kabbu’s horn at the Forsaken Lands
383;Chapter 5, arrived at the map where The Beast silhouette appears (at the beginning of the cutscene)
384;Chapter 5, got the Wasp Key in the west room at Wasp Kingdom~Chapter 6, arrived at Termite Capitol for the first time??? (error?) 
385;Chapter 6, beaten the Primal Weevil (after all the cutscenes)
386;Chapter 6, talked to the royal couple at Termite Capitol for the first time
387;Talked to Team Slacker about the False Monarch for the first time at Termite Capitol
388;Got the Lore Book near the Underground Bar entrance at Ant Kingdom City commercial area
389;Talked to Madeleine after taking the Butler Missing Again! quest
390;Talked to Seb after taking the Butler Missing Again! quest
391;Completed the Butler Missing Again! quest
392;Got the Lore Book in Madeleine’s house at the Explorer Association Area
393;Gave the Queen’s Dinner to Aria after taking the Team Snakemouth… quest
394;Completed the Team Snakemouth… quest
395;Talked to Isau for the first time after taking the Rare Item Wanted! quest
396;Gave the Sophie Petal to Isau, completing the Rare Item Wanted! quest
397;Got the Dark Cherries at Golden Path
398;UNKNOWN
399;UNUSED
400;Gave the correct ingredients to Crisbee after taking the I Wanna Get Better! quest, set to false after the cutscene~Also used similarly with Fry after taking the A Smiling Dish quest~Also for Chapter 3, when it is possible to signal Gen & Eri to use a switch at the Honey Factory~Also set to true then false when talking to Crow about Spy Cards~Also used in the Spy Cards tournament (true after the first match, false when the tournament is over)~Chapter 6, also used when the fight against Zasp & Mothiva starts at the Colosseum (set to false when the fight is won)~Chapter 7, also used when the Wasp King is about to turn into Everlasting King (set to false when the transformation is complete)
401;Chapter 4, arrived at the map south of the prison for the first time at Bandit Hideout, set to false when exiting the map~Chapter 5, also used after arriving at the first room of Wasp Kingdom Hive (set to false after leaving Wasp Kingdom HiveChapter 7, also used when arriving in a room with an eye at Giant’s Lair (set to false when leaving to a room with no eyes)
402;Chompy is with Team Snakemouth
403;Chompy is at the red house at Ant Kingdom City Plaza
404;Chompy has a ribbon on
405;Chompy is at Bee Kingdom Hive
406;UNUSED
407;Asked Wayde if they are okay at Defiant Root
408;Talked to Tynn at the Termite Capitol after asking Wayde if he was okay
409;Chapter 6, after winning all three rounds at the Colosseum
410;Gave the Bug Ranger Plushie at the child near the Colosseum entrance at Termite Capitol
411;Placed the Mysterious Piece in the receptacle at the Cave of Trials
412;Talked to the Holo Assistant for the first time at the Cave of Trials
413;Got the HP Plus medal at Lost Sands near the Bandit Hideout entrance
414;Showed the Explorer Permit to the Holo Assistant at the Cave of Trials
415;Got the Strong Start medal at Lost Sands
416;Hit an ice crystal switch for the first time at Ancient Castle
417;UNKNOWN used in event 158
418;Got the Antlion Jaws medal at Stream Mountain
419;Arrived at Metal Island for the first time
420;Chapter 6, arrived at Forsaken Lands for the first time
421;Got the Sophie Petal at the top of Snakemouth Den
422;Took the Help Me Get it Back! quest
423;Took the Explorer Check! Quest (set to false upon completion)
424;Took the Bandit Hunt quest
425;Took the In Search of Paint… quest
426;Took the Lunch Delivery! quest
427;Saw Mun get his Leaf Mask stolen by bandits at Bugaria Outskirts
428;Took the It’s Time…! quest
429;Talked to Ven after taking the Bandit Hunt quest
430;Completed the Bandit Hunt quest
431;Talked to Artia for the first time after taking the In Search of Paint… quest
432;Got the Shady note from Reed at the Underground Bar
433;Talked to Edgy after taking the In Search of Paint… quest at Termite Capitol
434;Got the Blackest Paint from Edgy at Termite Capitol
435;Completed the In Search of Paint… quest
436;Talked to Artia at Bee Kingdom Hive about Edgy after taking the In Search of Paint… quest
437;Talked to Madame Jaune for the first time at Bee Kingdom Hive
438;Talked to Dashy about the Red Paint at Golden Settlement
439;Talked to Genow at Defiant Root about the Root Cloth
440;Talked to Ann at the Ant Kingdom City plaza about the Ant Doll
441;Got the Eastern Doll from Jug at Metal Island
442;Gave the Eastern Doll to Ann in exchange for the Ant Doll at the Ant Kingdom City plaza
443;Gave the Ant Doll to Genow in exchange for the Root Cloth at Defiant Root
444;Gave the Root Cloth in exchange for the Red Paint to Dashy at Golden Settlement
445;Got the Vi’s Sharing Stash battle skill
446;Gave the Red Paint to Madame Jaune at Bee Kingdom Hive
447;Chapter 6, talked about the Subaquatic Maritime Neotransport to Biggs near it at the Termite Capitol
448;Chapter 6, disembarked from the Subaquatic Maritime Neotransport at Bugaria Outskirts Piers
449;Fell into the pit near the Wizard Tower for the first time at Far Grasslands
450;Talked to The Wizard at the Wizard Tower for the first time at Far Grasslands
451;Got the Crystal Berry from the pink spider at Forsaken Lands
452;Arrived at the map located east from the pumpkin map for the first time at Forsaken Lands (the crate disappears when this turns on)
453;UNKNOWN
454;Got the Crystal Crown by beating the False Monarch
455;Got the Lore Book at the map with the wind blowers at Forsaken Lands
456;Unlocked the door at the Power Plant after taking the Power Plant Investigation quest
457;Approached the back exit of the Power Plant after taking the Power Plant Investigation quest
458;Examined the Power Plant for the first time
459;Arrived at the Broodmother map after taking the Power Plant Investigation quest (this also marks completing the quest after the battle)
460;Got the Lore Book at the map with the wasps’s border at Far Grasslands
461;Talked to Jayde for the first time at Golden Settlement
462;Got the Life Cast medal at the top of the Golden Path tunnel
463;Got the Lore Book on the map located west from Patton’s hut at Forsaken Lands
464;Took the Best Friend In The Fog! quest
465;Talked to Layra after taking the Best Friend In The Fog! quest
466;Arrived at the area located north of Layra’s friend for the first time after taking the Best Friend In The Fog! quest
467;Talked about fireflies with Layra at the foggy map after taking the Best Friend In The Fog! quest
468;Completed the Best Friend In The Fog! quest
469;Got the Lore Book in an apartment room located high up at Termite Capitol
470;Examined the view of Termite Capitol for the first time at the Forsaken Lands
471;Completed the Stolen Item quest
472;Talked to Kali after taking the Stolen Item quest
473;Took the Seedling Hunt quest
474;Talked to Takkun for the first time after taking the Seedling Hunt quest
475;Received the Wrapped Lunch from Yatanta after taking the Lunch Delivery! quest
476;Completed the Lunch Delivery! quest
477;Completed the Seedling Hunt quest
478;Talked to Team Slacker about the Seedling King for the first time
479;Took the Parts Delivery quest
480;Received the Package from Eetl after taking the Parts Delivery quest
481;Completed the Parts Delivery quest
482;Took the Hydration Crisis! quest
483;Talked to the farmer for the first time at Golden Settlement (Hydration Crisis! quest)
484;Completed the Hydration Crisis! quest
485;Talked to Alex for the first time after taking the It’s Time…! quest
486;Completed the It’s Time…! quest
487;Got the Danger Spud at the Explorers' Association area
488;Got the Lore Book at Monsieur Scarlet’s place
489;Got the Lore Book in the locked room at Defiant Root
490;Got the Dark Cherries in the locked room at Defiant Root
491;Hit the tree in the map before Tidal Wyrm at Stream Mountain
492;The water crystal switch on the way to the Tidal Wyrm at Stream Mountain is activated
493;UNKNOWN
494;Got the Crystal Fang by beating the Devourer
495;Talked to Team Slacker about the Tidal Wyrm at Lost Sands for the first time
496;Got the Coal Crystal by beating Tidal Wyrm
497;Beat Cenn & Pisci after taking the Explorer Check! quest at Ant Kingdom City commercial area
498;Completed the Explorer Check! quest
499;Got the Lore Book at the fake Ant Village at Forsaken Lands
500;Talked to Team Slacker about the Devourer for the first time at Golden Settlement
501;Talked to Team Slacker about the Peacock Spider for the first time at Metal Island
502;Got the Crystal Feather after beating the Peacock Spider
503;Beaten battle 10 of the Cave of Trials for the first time
504;Beaten battle 20 of the Cave of Trials for the first time
505;Beaten battle 30 of the Cave of Trials for the first time and got the Defense Exchange medal
506;Beaten battle 40 of the Cave of Trials for the first time and got the TP Saver medal
507;Got the Tangy Berry at the Cave of Trials
508;Got the Dark Cherries at the Cave of Trials
509;Beat Riz (after all the cutscenes)
510;Took the Sweets from Outside! quest by Rizza at the Fishing Village
511;Completed the Sweets from Outside! quest
512;Talked to Mun for the first time after taking the Help Me Get it Back! quest
513;Beat the bandits that took Mun’s mask after taking the Help Me Get it Back! quest
514;Completed the Help Me Get it Back! quest
515;Talked to the child at the Colosseum entrance for the first time at Termite Capitol
516;Talked to the child at the Colosseum entrance for the first time after winning the Colosseum at Termite Capitol
517;Placed the Peculiar Gem in its receptacle at Snakemouth Den
518;Hit the switch to open the door in the first room of Upper Snakemouth
519;Solved the switches puzzle at Upper Snakemouth
520;Got the Medium Gear in the room with the switch puzzle at Upper Snakemouth
521;Got the Small Gear in the room with 4 pressure plates at Upper Snakemouth
522;Got the Extra Freeze medal at Upper Snakemouth
523;Got the Lab Card in the room located south from the main room at Upper Snakemouth
524;Opened the northeast door from the main room in Upper Snakemouth
525;Opened the northwest door from the main room in Upper Snakemouth
526;Got the Lab Card in the room located southwest from the main room at Upper Snakemouth
527;Got the Big Gear in the room located northwest from the main room at Upper Snakemouth
528;Placed all gears and opened the door in the room located west from the main room at Upper Snakemouth
529;Placed the Medium Gear in the room located west from the main room at Upper Snakemouth
530;Placed the Small Gear in the room located west from the main room at Upper Snakemouth
531;Placed the Big Gear in the room located west from the main room at Upper Snakemouth
532;Beat Zommoth at Upper Snakemouth (during the cutscenes)
533;Met Leif’s family at their house in Ant Kingdom City residential area (after the first cutscene of meeting them)
534;Got the Super Block+ medal at Golden Path
535;Chapter 6, gray levers at Rubber Prison engaged (this is a toggle)
536;Chapter 6, got the Prison Key in the spike floor room of the first floor at Rubber Prison
537;Chapter 6, unlocked the door in the spike floor room of the first floor at Rubber Prison
538;Chapter 6, opened the door by presenting the Explorer Permit in the west room of the first floor at Rubber Prison
539;Chapter 6, opened the door to the cafeteria at the Rubber Prison
540;Chapter 6, hit the east wooden lever in the room with the save point on the second floor at Rubber Prison
541;Chapter 6, hit the lever for a shortcut to the third floor on the second floor of Rubber Prison
542;Chapter 6, unlocked the door in the cells room on the second floor of Rubber Prison
543;Taking the Find The Ingredients! quest from The Wizard
544;Completed the Find The Ingredients! quest from The Wizard
545;Chapter 6, got the Prison Key in the cell on the second floor of Rubber Prison
546;Examined the Wizard Tower from the front for the first time at the Far Grasslands
547;Got the Burly Tea in the Wizard Tower at the Far Grasslands
548;Chapter 6, got the blue History Book at the Rubber Prison
549;Chapter 6, hit the lever in the cafeteria to stop the rolling rocks at the Rubber Prison (this is a toggle)
550;Chapter 6, changed the position of the cafeteria tables at the Rubber Prison (this is a toggle)
551;Chapter 6, got the Prison Key on the third floor of Rubber Prison
552;Chapter 6, turned on the backup power at the Rubber Prison
553;Chapter 6, toggles between true and false a bunch of time when turning on the computer at the Rubber Prison
554;Chapter 6, solved the history books puzzle at the Rubber Prison
555;Chapter 7, the Everlasting Sapling’s container is opened (set during the cutscene of it opening, set to false once the fight is done after the fade out)~Chapter 7, also used when arrived at Ant Kingdom City after beating Everlasting King~This is the post game flag 
556;Took the Want to Relive Memories… quest
557;Talked to The Mayor after taking the Want to Relive Memories… quest
558;Brought The Mayor to Whacka Farms after taking the Want to Relive Memories… quest
559;Completed the Want to Relive Memories… quest
560;Unlocked the door at Defiant Root
561;Chapter 6, got the Wooden Crank at the Rubber Prison
562;Beat Carmina at Metal island (after all the cutscenes)
563;Chapter 6, got the green History Book at the Rubber Prison
564;Chapter 6, got the yellow History Book at the Rubber Prison
565;Chapter 6, placed the Wooden Crank at the Rubber Prison
566;Chapter 6, hit the lever for the shortcut platform on the first floor of Rubber Prison
567;Chapter 6, opened the final door which is a shortcut to the first floor of Rubber Prison
568;Start of Chapter 7
569;Chapter 7, talked to Venus for the first time at Giant’s Lair
570;Took the It’s Too Hot! quest
571;Talked to Eremi for the first time after taking the It’s Too Hot! quest
572;Got the Leaf Umbrella from Madeleine
573;Completed the It’s Too Hot! quest by giving a Magic Ice or a Shell Ointment 
574;Gave the Leaf Umbrella to Eremi at Defiant Root after taking (or completing) the It’s Too Hot! quest
575;Got the Heal Plus medal at the Fishing Village by talking to the Stickbug
576;Took the In Search of Something quest from Elom at the west cave at the Bugaria Outskirts
577;Talked to Tekci at the top of Golden Hills after taking the In Search of Something quest
578;Completed the In Search of Something quest
579;Talked to Librem in the Ant Palace library for the first time
580;Talked to Diana at the break room of the Ant Mines for the first time
581;Talked to Patton for the first time in post game at Forsaken Lands (right when the cutscene starts)
582;Chapter 6, got the red History Book at the Rubber Prison
583;Chapter 6, broke the bridge on the second floor of Rubber Prison
584;Chapter 6, beat ULTIMAX Tank (after the cutscene)
585;Got spotted by an eye at Giant’s Lair for the first time
586;Chapter 7, arrived at the Roach Village for the first time at Giant’s Lair (after all the cutscenes)
587;Bought all medals at the shop at Ant Kingdom City commercial area
588;Bought all of Shades’s medals
589;UNKNOWN
590;Bought the Venom Ribbon at the Termacade
591;Bought the Shocking Ribbon at the Termacade
592;Bought the Drowsy Ribbon at the Termacade
593;Chapter 7, beat the Dead Landers trio near the refrigerator at Giant’s Lair
594;Chapter 7, approached the refrigerator for the first time at Giant’s Lair (as soon as the cutscene starts, set to false after the fight)~Chapter 7, also used similarly with the fire constructs
595;Chapter 7, convinced the roach elder to destroy the Everlasting Sapling at Giant’s Lair
596;UNKNOWN checked in UpdateArea
597;UNKNONW used in UpdateArea
598;Talked to Kenny at Golden Settlement
599;Talked to Kenny at Bee Kingdom Hive residential area
600;Talked to Kenny at Defiant Root
601;Talked to Kenny at Ant Kingdom City commercial area
602;Talked to Kenny at Termite Capitol
603;Got the Lore Book by Kenny after talking to him at the end of his travel at Golden Settlement
604;Got the Lore Book in the room above the inn at Defiant Root
605;Completed the Lost Books quest
606;Chapter 6, after the second round of the Colosseum (during the Primal Weevil’s appearance)
607;Took the Confidential quest
608;Talked to Maki after taking the Confidential quest
609;Completed the Confidential quest
610;Beaten Maki’s team for the first time
611;Got the Status Mirror medal at Giant’s Lair
612;Completed all bounties
613;RUIGEE code active
614;HARDEST code active
615;FRAMEONE code active
616;PUSHROCK code active
617;Took the Awful’s Beauty quest
618;Talked to Reeves for the first time after taking the Awful’s Beauty quest
619;Completed the Awful’s Beauty quest
620;Got the Bad Book in the Wizard Tower at Far Grasslands
621;Got the Bad Book on the roof of Leif’s family’s house at Ant Kingdom city residential area
622;Got the Bad Book in Madame Jaune’s room at Bee Kingdom Hive
623;Got the Mechanical Claw at Far Grasslands
624;Took the Can’t Sleep…! quest
625;Talked to Tarar after taking the Can’t Sleep…! quest
626;Gave the Drowsy Cake to Tarar after taking the Can’t Sleep…! quest
627;Gave the Shock Candy to Tarar, completing the Can’t Sleep…! quest
628;Talked to Maki for the first time after completing the Confidential quest
629;Got introduced to RUIGEE by Eetl for the first time
630;Reached a balance of 500 or above at the Bugaria Bank for the first time
631;Got the Dry Bread at Rubber Prison
632;Got the Dark Cherries at the map located south of the Wasp Kingdom Hive entrance at Far Grasslands
633;UNKNOWN
634;Took the My Mecha Claw! quest
635;Talked to Engira for the first time after taking the My Mecha Claw! quest
636;Completed the Mecha Claw! quest
637;Took the They Took Her…! quest
638;Talked to Bumble after taking the They Took Her…! quest at Metal Island
639;Talked to Bumble after taking the They Took Her…! quest at the Far Grasslands entrance
640;Completed the They Took Her…! quest
641;Got the Cold Salad at Ancient Castle
642;Got the Dark Cherries at the Explorers' Association area
643;Talked to Jayde for the first time in post game at the Wasp Kingdom Hive
644;Talked to Queen Vanessa II for the first time in post game at the Wasp Kingdom Hive
645;Examined the spot where The Beast was beaten for the first time in post game (when the cutscene starts)
646;Talked to the Spy Cards tournament organizer for the first time at Metal Island
647;Won the Spy Cards tournament for the first time, set when all cutscenes are done
648;Won the Spy Cards tournament for the first time, set when the final match is won
649;Gave a berry to the homeless person at Termite Capitol
650;Talked to Neolith after the start of Chapter 5
651;Got the mushroom in the first room of Snakemouth Den
652;It is now possible to quick travel to Snakemouth Den from the mines
653;UNKNOWN
654;Examined the steering wheel statue at the Outskirt Piers
655;Examined the view of the Colosseum for the first time at Termite Capitol
656;MOREFARM code active
657;Chapter 5, exited the west room with the Wasp Key at the Wasp Kingdom
658;Bought all the songs from Samira
659;Chapter 6, Incorrectly placed the books on the bookshelf for the first time in the library room at Rubber Prison
660;Chapter 3, after the cutscene of Vi telling to get ready before entering the Honey Factory at its entrance
661;UNKNOWN used in event 215
662;Talked to the cricket at Golden Hills for the first time
663;Chapter 2, came back to the entrance of Golden Hills after getting the Big Crank
664;Chapter 7, approached the oven for the first time at Giant’s Lair (as soon as the cutscene starts, set to false after beating the Everlasting King)~Chapter 7, also used when arrived at Ant Kingdom City after beating Everlasting King
665;Chapter 7, destroyed breakable rocks above the wind blower in the oven room at Giant’s Lair
666;Chapter 7, turned the dial on the right stove at Giant’s Lair
667;Chapter 7, turned the right dial on the left stove at Giant’s Lair
668;Chapter 7, turned the left dial on the left stove at Giant’s Lair
669;UNKNOWN
670;Chapter 7, turned all the dials in the oven room at Giant’s Lair (after all the cutscenes)
671;Completed all quests
672;Talked to Venus in post game for the first time at Golden Hills
673;Completed the Cave of Trials for the first time
674;Dug Cerise out of the dig spot in her cell at Bandit Hideout
675;Went to the pink spider map by talking to the termite at Termite Capitol for the first time
676;Talked to Patton about his services for the first time at the Forsaken Lands
677;Got the Squash on the map located west of the Forsaken Lands entrance by cutting a bush located on the leftmost part of the map
678;Got the Squash on the map located west of the Forsaken Lands entrance by cutting the bush near the dead tree
679;Took the mistake in the tent at the map with the Explorer Association
680;Talked to the termite working in the security room for the first time at Rubber Prison
681;MYSTERY? code active
682;Talked to Cerise for the first time at Bandit Hideout
683;Got the Spicy Berry at the entrance of Snakemouth Den at the Bugaria Outskirts
684;Talked to Tanjerin & Cerise when they are together at Golden Settlement
685;Got 30+ points at Whack-A-Worm at the Whacka Farms for the first time
686;Got the Burly Tea in Madeleine’s house to the right of the Explorers' Association
687;Talked to Queen Elizant II for the first time in post game at the throne room of the Ant Palace
688;Got the Berry Juice on the roof of Morthy’s stand at Defiant Root
689;Hit the tree at the Chomper Caves
690;Hit the tree leading west at the map directly north of Golden Settlement at Lost Sands
691;New game started
692;Got the trophy at the house for B.O.S.S. Mini Boss rush mode
693;Got the trophy at the house for B.O.S.S. Boss rush mode EX
694;File is a 1.1.x save
695;Talked to the food blogger for the first time at Metal Island
696;MYSTERY? started on 1.1.x
697;Talked to the secret tunnel ant for the first time
698;Talked to the Ant Guard that offers an escort to Lost Sands at Defiant Root
699;After getting Kabbu's overworld dash at Defiant Root
700;Took the Loose ends quest
701;Talked to Rebecca after taking the Loose Ends quest at the Ant Palace
702;Took the A New Hope quest
703;Talked to Roy after taking the A New Hope quest at Wasp Kingdom Hive
704;Won aginst the Dead Landers trio after taking the A New Hope quest (after the fade in when his plants are planted)
705;Took the Getting Bored quest
706;Talked to Team Slacker for the first time after taking the Getting Bored quest at the Underground Bar
707;Completed the Getting Bored quest
708;UNKNOWN
709;Completed the Loose Ends quest (when the prompt to come back to the Ant Kingdom appears)
710;UNUSED
711;UNUSED
712;UNUSED
713;UNUSED
714;UNUSED
715;UNUSED
716;UNUSED
717;UNUSED
718;UNUSED
719;UNUSED
720;UNUSED
721;UNUSED
722;UNUSED
723;UNUSED
724;UNUSED
725;UNUSED
726;UNUSED
727;UNUSED
728;UNUSED
729;UNUSED
730;UNUSED
731;UNUSED
732;UNUSED
733;UNUSED
734;UNUSED
735;UNUSED
736;UNUSED
737;UNUSED
738;UNUSED
739;UNUSED
740;UNUSED
741;UNUSED
742;UNUSED
743;UNUSED
744;UNUSED
745;UNUSED
746;UNUSED
747;UNUSED
748;UNUSED
749;UNUSED
